id;gender;masterCategory;subCategory;articleType;baseColour;season;year;usage;productDisplayName;Price;description 
15970;Men;Apparel;Topwear;Shirts;Navy Blue;Fall;2011;Casual;Turtle Check Men Navy Blue Shirt;$35;Turtle Check Men's Navy Blue Shirt is a stylish and versatile wardrobe staple. Made from high-quality cotton, this shirt offers comfort and durability for everyday wear. Its classic navy blue color and check pattern provide a sophisticated look, making it perfect for both casual and semi-formal occasions
39386;Men;Apparel;Bottomwear;Jeans;Blue;Summer;2012;Casual;Peter England Men Party Blue Jeans;$20;The Peter England Men's Party Blue Jeans are a trendy and stylish addition to any wardrobe. Crafted from premium denim, these jeans offer exceptional comfort and a perfect fit, making them ideal for parties and social gatherings. Their striking blue color and modern design ensure you stand out while providing versatility for various occasions
59263;Women;Accessories;Watches;Watches;Silver;Winter;2016;Casual;Titan Women Silver Watch;$15;The Titan Women Silver Watch is an elegant and timeless accessory. Crafted from high-quality stainless steel, this silver watch combines durability with a sophisticated design. Its versatile style makes it perfect for both everyday wear and special occasions, adding a touch of elegance to any outfit
21379;Men;Apparel;Bottomwear;Track Pants;Black;Fall;2011;Casual;Manchester United Men Solid Black Track Pants;$39;Manchester United Men Solid Black Track Pants are designed for comfort and performance, making them ideal for workouts or casual wear. Crafted from breathable and lightweight fabric, these track pants ensure flexibility and ease of movement. With their sleek black color and iconic Manchester United branding, they offer a stylish look for any sports enthusiast or fan.
53759;Men;Apparel;Topwear;Tshirts;Grey;Summer;2012;Casual;Puma Men Grey T-shirt;$70;Puma Men Grey T-shirt is a lightweight and breathable essential for any active lifestyle. Crafted from soft, high-quality fabric, this shirt ensures comfort during workouts and casual outings alike. Its sleek grey design features the iconic Puma logo, making it a stylish choice that pairs well with any outfit.
1855;Men;Apparel;Topwear;Tshirts;Grey;Summer;2011;Casual;Inkfruit Mens Chain Reaction T-shirt;$85;Inkfruit Men's Chain Reaction T-shirt is a trendy and comfortable choice for casual outings. Crafted from soft, breathable cotton, this t-shirt features a vibrant graphic print that adds a unique flair to your wardrobe. Its lightweight design makes it perfect for all-day wear, whether you're lounging at home or out with friends.
30805;Men;Apparel;Topwear;Shirts;Green;Summer;2012;Ethnic;Fabindia Men Striped Green Shirt;$65;Fabindia Men's Striped Green Shirt is a trendy and comfortable addition to any wardrobe. Crafted from soft, breathable cotton, this shirt is perfect for warm weather and offers all-day comfort. Its unique striped design in vibrant green adds a touch of style, making it suitable for both casual outings and smart-casual events.
26960;Women;Apparel;Topwear;Shirts;Purple;Summer;2012;Casual;Jealous 21 Women Purple Shirt;$55;Jealous 21 Women's Purple Shirt is a trendy and chic addition to any wardrobe. Crafted from lightweight, breathable fabric, this shirt ensures all-day comfort while maintaining a stylish appearance. Its vibrant purple color and modern design make it ideal for both casual outings and dressier events, allowing you to express your unique style effortlessly.
29114;Men;Accessories;Socks;Socks;Navy Blue;Summer;2012;Casual;Puma Men Pack of 3 Socks;$99;The Puma Men Pack of 3 Socks includes a trio of comfortable and breathable socks designed for everyday wear. Available in classic black, white, and gray colors, these socks are made from a blend of cotton and polyester, ensuring durability and a soft feel. Their moisture-wicking properties and cushioned design provide excellent support, making them ideal for sports or casual outings.
30039;Men;Accessories;Watches;Watches;Black;Winter;2016;Casual;Skagen Men Black Watch;$75;The Skagen Men's Black Watch is a sleek and elegant timepiece designed for the modern man. Crafted from durable stainless steel with a minimalist black dial, it combines style and functionality for both everyday wear and special occasions. Its lightweight design and water resistance make it an ideal accessory for any lifestyle.
9204;Men;Footwear;Shoes;Casual Shoes;Black;Summer;2011;Casual;Puma Men Future Cat Remix SF Black Casual Shoes;$65;Puma Men Future Cat Remix SF Black Casual Shoes are a sleek and modern footwear choice designed for everyday comfort and style. Crafted from premium materials, these shoes feature a black colorway that adds versatility to any outfit. With their lightweight design and superior traction, they are perfect for casual outings and provide excellent performance on the go.
48123;Women;Accessories;Belts;Belts;Black;Summer;2012;Casual;Fossil Women Black Huarache Weave Belt;$35;Fossil Women’s Black Huarache Weave Belt is a chic accessory designed to elevate any outfit. Crafted from premium leather, this belt combines durability with a stylish woven texture that adds a unique touch. Its versatile black color makes it suitable for both casual and formal occasions, ensuring you look fashionable wherever you go.
18653;Men;Footwear;Flip Flops;Flip Flops;Black;Fall;2011;Casual;Fila Men Cush Flex Black Slippers;$20;The Fila Men Cush Flex Black Slippers are designed for ultimate comfort and relaxation. Crafted from soft, durable materials, these slippers feature a sleek black design that complements any casual outfit. Their cushioned footbed provides excellent support, making them ideal for lounging at home or quick outings.
47957;Women;Accessories;Bags;Handbags;Blue;Summer;2012;Casual;Murcia Women Blue Handbag;$15;Murcia Women’s Blue Handbag is an elegant accessory designed to complement any outfit. Crafted from premium synthetic leather, this handbag combines style and durability while providing ample space for daily essentials. Its chic blue hue adds a pop of color, making it perfect for both casual outings and formal events.
46885;Boys;Footwear;Flip Flops;Flip Flops;Navy Blue;Fall;2012;Casual;Ben 10 Boys Navy Blue Slippers;$39;Ben 10 Boys Navy Blue Slippers are fun and comfortable footwear designed for young fans of the popular series. Crafted from soft, durable materials, these slippers provide excellent support for everyday wear at home. With their eye-catching design and easy slip-on style, they are perfect for keeping little feet cozy while showcasing their favorite character.
12369;Men;Apparel;Topwear;Shirts;Purple;Fall;2011;Formal;Reid & Taylor Men Check Purple Shirts;$70;The Reid & Taylor Men's Check Purple Shirt is a modern and elegant addition to any man's wardrobe. Crafted from premium cotton, this shirt ensures comfort and breathability while maintaining a polished appearance. Its vibrant purple check pattern adds a unique flair, making it ideal for both professional settings and casual outings.
29928;Men;Accessories;Watches;Watches;Black;Winter;2016;Casual;Police Men Black Dial Watch PL12889JVSB;$85;The Police Men Black Dial Watch PL12889JVSB is a sleek and modern timepiece designed for the contemporary man. Featuring a striking black dial and stainless steel case, this watch is both durable and stylish, making it suitable for any occasion. Its water resistance and precise quartz movement ensure reliability and functionality, elevating your everyday look.
42419;Girls;Apparel;Topwear;Tops;White;Summer;2012;Casual;Gini and Jony Girls Knit White Top;$65;Gini and Jony Girls Knit White Top is a charming and comfortable addition to any young girl's wardrobe. Crafted from soft, breathable fabric, this top is perfect for everyday wear, ensuring both style and comfort. Its classic white color allows for versatile pairing with various bottoms, making it an ideal choice for playdates or family outings.
20851;Women;Accessories;Bags;Clutches;Red;Winter;2015;Casual;Spice Art Women Ribbon Embroidery Red Clutch;$55;The Spice Art Women Ribbon Embroidery Red Clutch is an elegant accessory that adds a pop of color to any outfit. Crafted from durable fabric, this clutch features intricate ribbon embroidery that showcases exquisite craftsmanship. Perfect for evening events or special occasions, it combines functionality with a chic design, making it a must-have for fashion-forward women.
47359;Women;Accessories;Bags;Handbags;Brown;Summer;2012;Casual;Baggit Women Brown Handbag;$99;Baggit Women Brown Handbag is a chic and functional accessory designed for modern women. Crafted from premium vegan leather, it features a rich brown color that adds elegance to any outfit. With ample space and stylish compartments, this handbag is perfect for daily use, ensuring you stay organized while looking fashionable.
17429;Men;Accessories;Watches;Watches;Black;Winter;2016;Casual;CASIO G-Shock Men Black Digital Watch G-7710-1DR G223;$75;CASIO G-Shock Men's Black Digital Watch G-7710-1DR G223 is a rugged and functional timepiece designed for adventurers. Featuring a durable resin case and band, this watch is water-resistant and shock-resistant, making it ideal for outdoor activities. Its sleek black design and digital display not only enhance its aesthetic appeal but also provide easy access to essential features like a stopwatch, alarm, and backlight.
12967;Men;Footwear;Sandal;Sandals;Black;Fall;2011;Casual;ADIDAS Men Spry M Black Sandals;$65;ADIDAS Men Spry M Black Sandals are designed for ultimate comfort and functionality. Crafted from durable synthetic materials, these sandals feature a sleek black color that pairs well with any casual outfit. Ideal for outdoor activities or everyday wear, their lightweight design and adjustable straps provide a secure fit and exceptional support
6842;Unisex;Accessories;Shoe Accessories;Shoe Accessories;Black;Summer;2011;Casual;Timberland Unisex Rubber Sole Brush Shoe Accessories;$35;Timberland Unisex Rubber Sole Brush Shoe Accessories are essential tools for maintaining your footwear. Crafted from durable materials, these brushes are designed specifically to clean and care for rubber soles, ensuring longevity and performance. Their ergonomic design allows for easy handling, making it simple to keep your shoes looking fresh and new
13089;Men;Apparel;Topwear;Sweatshirts;Grey;Fall;2011;Sports;ADIDAS Men Lfc Auth Hood Grey Sweatshirts;$20;ADIDAS Men LFC Auth Hood Grey Sweatshirt is a cozy and stylish addition to any casual wardrobe. Crafted from a soft cotton-polyester blend, it ensures warmth and comfort, making it ideal for everyday wear or outdoor activities. Featuring the iconic Liverpool FC logo, this sweatshirt not only showcases your team spirit but also offers a modern, sporty look
18461;Men;Personal Care;Fragrance;Deodorant;White;Spring;2017;Casual;David Beckham Signature Men Deos;$15;This deodorant is usually used by David Beckham. The original David Beckham brand is guaranteed to be original
9036;Men;Footwear;Shoes;Formal Shoes;Black;Winter;2011;Formal;Buckaroo Men Flores Black Formal Shoes;$39;Black loafers. Genuine leather material, not easily damaged. The original Buckaroo Men brand
48311;Women;Accessories;Jewellery;Bracelet;Bronze;Winter;2012;Casual;Pitaraa Women Bronze Beaded Bracelet;$70;Jewelry usually worn for parties or banquets. Contains pure gold. Rare motif
7990;Men;Apparel;Topwear;Tshirts;Navy Blue;Fall;2011;Sports;Fila Men's Round Neck Navy Blue T-shirt;$85;Men's T-Shirts made from 100 percent cotton. The material is cool and doesn't smell. easy to iron and does not fade when washed
56019;Women;Personal Care;Lips;Lipstick;Brown;Spring;2017;Casual;Colorbar Soft Touch Show Stopper Copper Lipstick 037;$65;Casual lipstick that is suitable for spring wear. does not contain mercury and does not fade easily so it is safe when eating
21977;Women;Accessories;Bags;Handbags;Brown;Winter;2015;Casual;Murcia Women Casual Brown Handbag;$55;Leather handbag. Suitable to wear in winter and combined with a winter jacket. original fireproof material
37812;Men;Apparel;Topwear;Shirts;Navy Blue;Summer;2012;Formal;John Players Men Navy Blue Shirt;$99;Navy shirts for men, suitable for both formal and casual activities. various sizes available
4729;Boys;Apparel;Topwear;Tshirts;Green;Summer;2011;Casual;Disney Kids Boy's Crew Sea Life Sialing Green Teen Kidswear;$75;Disney Kids Boy's Crew Sea Life Shit Green Teen Kidswear. Cheerful Disney patterned children's t-shirt. suitable for children under 7 years old
56825;Men;Apparel;Topwear;Shirts;Brown;Summer;2012;Casual;John Players Men Brown Shirt;$65;Men's casual shirt. checkered motif. Suitable for various activities, both formal and non-formal.
39988;Men;Footwear;Shoes;Casual Shoes;White;Winter;2014;Casual;Gas Men Europa White Shoes;$35;Men's sneakers are suitable for casual activities carried out in winter
59051;Women;Footwear;Shoes;Flats;Black;Winter;2012;Casual;Carlton London Women Black & Gold Toned Flats;$20;sandals for women. not high heels. safe to use during casual and non-casual activities
20099;Women;Apparel;Topwear;Kurtas;Green;Fall;2011;Ethnic;Diva Women Embroided Green Kurta;$15;green women's negligee. Cotton material is very comfortable. Suitable for use at home to accompany domestic work, or also for leisure activities
58183;Women;Accessories;Bags;Handbags;White;Summer;2012;Casual;Rocky S Women White Handbag;$39;White women's handbag with brown strap. Made from quality materials, suitable for carrying everywhere
29742;Women;Accessories;Bags;Handbags;Teal;Summer;2012;Casual;Kiara Women Teal Handbag;$70;Introducing the Kiara Women Teal Handbag – a perfect blend of style and functionality. Crafted from high-quality materials, this chic handbag features a vibrant teal color that adds a pop of sophistication to any outfit. With a spacious interior and organized compartments, it easily holds all your essentials. The comfortable shoulder strap and elegant design make it ideal for both everyday use and special occasions. Elevate your accessory game with the Kiara Women Teal Handbag!
51658;Women;Accessories;Watches;Watches;Copper;Winter;2016;Casual;Fossil Women Copper Chronograph Watch CH2589;$85;Discover the Fossil Women Copper Chronograph Watch CH2589, a stunning blend of elegance and precision. This eye-catching timepiece features a sleek copper-tone stainless steel case and a stylish dial with chronograph functionality. Its durable strap ensures a comfortable fit, making it perfect for both everyday wear and special occasions. With a water resistance rating, it combines fashion with practicality. Elevate your wrist game with the Fossil Women Copper Chronograph Watch!
3954;Women;Apparel;Topwear;Tshirts;Pink;Summer;2011;Casual;Jealous 21 Women's Pink T-shirt;$65;Introducing the Jealous 21 Women's Pink T-shirt, a must-have addition to your casual wardrobe. Made from soft, breathable fabric, this T-shirt offers all-day comfort and a flattering fit. The vibrant pink hue adds a cheerful touch, making it perfect for layering or wearing solo. With its versatile style, it pairs effortlessly with jeans, shorts, or skirts. Stay stylish and comfortable with the Jealous 21 Women's Pink T-shirt!
18839;Men;Accessories;Belts;Belts;Black;Fall;2011;Formal;Peter England Men Formal Black Belt;$55;Elevate your formal attire with the Peter England Men Formal Black Belt. Crafted from premium leather, this sleek belt features a classic design with a polished metal buckle for a refined look. Its adjustable length ensures a perfect fit, making it an essential accessory for any wardrobe. Ideal for office wear or special occasions, the Peter England Black Belt adds a touch of sophistication to your ensemble.
2886;Women;Footwear;Shoes;Flats;Brown;Winter;2015;Casual;Catwalk Women Leather Brown Flats;$99;Step out in style with the Catwalk Women Leather Brown Flats. These chic and comfortable flats are crafted from high-quality leather, offering durability and a timeless look. The elegant design features a cushioned insole for all-day comfort, making them perfect for both casual outings and more formal occasions. Pair them effortlessly with dresses, jeans, or skirts to elevate your everyday style. Experience fashion and comfort with Catwalk Women Leather Brown Flats!
23278;Men;Accessories;Watches;Watches;Off White;Winter;2016;Casual;Maxima Ssteele Men Off White Watch;$75;Introducing the Maxima Steele Men Off White Watch, a perfect blend of style and functionality. This sleek timepiece features a minimalist off-white dial with bold hour markers, complemented by a durable stainless steel case. Its comfortable strap ensures a secure fit, making it ideal for daily wear or special occasions. With a reliable quartz movement, you'll always stay on time. Elevate your wrist game with the Maxima Steele Men Off White Watch!
28690;Women;Apparel;Topwear;Kurtas;Beige;Summer;2012;Ethnic;W Women Printed Beige Kurta;$65;Embrace elegance with the W Women Printed Beige Kurta. This stylish piece features intricate prints that add a touch of sophistication to your wardrobe. Made from soft, breathable fabric, it offers a comfortable fit for all-day wear. The flattering silhouette pairs beautifully with leggings or palazzos, making it perfect for casual outings or festive occasions. Elevate your ethnic style with the W Women Printed Beige Kurta!
8580;Men;Apparel;Topwear;Waistcoat;Grey;Fall;2011;Casual;Scullers Men Grey Waistcoat;$35;Enhance your smart-casual look with the Scullers Men Grey Waistcoat. Crafted from high-quality fabric, this stylish waistcoat features a tailored fit that adds a polished touch to any outfit. The versatile grey color makes it easy to pair with shirts and trousers for both work and social events. With functional pockets and a classic design, it combines comfort and sophistication effortlessly. Elevate your wardrobe with the Scullers Men Grey Waistcoat!
3168;Men;Footwear;Shoes;Sports Shoes;White;Fall;2010;Sports;Nike Men's Incinerate MSL White Blue Shoe;$20;Step up your game with the Nike Men's Incinerate MSL White Blue Shoe. Designed for ultimate comfort and performance, this shoe features a breathable upper and responsive cushioning for all-day wear. The sleek white and blue colorway adds a modern touch, making it perfect for workouts or casual outings. With excellent traction and support, you’ll stay grounded whether you’re on the track or the street. Elevate your footwear collection with the Nike Incinerate MSL!
18005;Men;Apparel;Bottomwear;Shorts;Black;Summer;2011;Sports;Puma Men Long Logo Black Bermuda;$15;Stay stylish and comfortable with the Puma Men Long Logo Black Bermuda. Crafted from lightweight, breathable fabric, these bermuda shorts are perfect for workouts or casual outings. The bold Puma logo adds a sporty flair, while the relaxed fit ensures ease of movement. With pockets for convenience, they’re ideal for a day at the gym or running errands. Elevate your activewear with the Puma Long Logo Black Bermuda!
7355;Men;Apparel;Topwear;Tshirts;Navy Blue;Fall;2011;Casual;Tantra Men's Black Sabbath Navy T-shirt;$39;Express your style with the Tantra Men's Black Sabbath Navy T-shirt. Featuring a bold graphic design inspired by the iconic band, this T-shirt is crafted from soft, breathable fabric for maximum comfort. The navy color adds a classic touch, making it easy to pair with jeans or shorts. Perfect for music lovers and casual outings, this tee combines a relaxed fit with standout style. Rock your look with the Tantra Men's Black Sabbath T-shirt!
9452;Men;Apparel;Topwear;Shirts;Red;Fall;2011;Formal;John Miller Men Stripes White Red Shirts;$70;John Miller Men's Stripes White Red Shirt is a fashionable choice for any occasion, featuring a striking stripe design in white and red. Crafted from premium cotton, it ensures comfort and breathability, making it ideal for both casual outings and professional settings.
38402;Women;Accessories;Belts;Belts;Black;Summer;2012;Casual;Baggit Women Hood Dabang Black Belt;$85;This is a black leather belt with a sturdy metal buckle. Made from high-quality synthetic leather, it is not only durable but also has a sleek and modern texture. Suitable for various outfits, both formal and casual. The advantage of this belt is its simple yet stylish design and its durability, ensuring it can be used for a long period.
44984;Women;Accessories;Watches;Watches;White;Winter;2016;Casual;Maxima Women White Dial Watch;$65;This is a women's wristwatch in silver and black, featuring a stainless steel strap with black accents. It has an elegant look with a rectangular white dial and minimalist time markers, making it suitable for various occasions, both formal and casual. Its advantages include a modern design and water resistance up to 30 meters, making it a practical and durable choice
10268;Men;Footwear;Shoes;Formal Shoes;Black;Fall;2012;Formal;Clarks Men Hang Work Leather Black Formal Shoes;$55;This is a black leather loafer, made from high-quality leather for an elegant and professional look. Designed as a slip-on, it’s easy to wear and remove, making it a practical choice for both formal and casual occasions. With a comfortable and sturdy sole, this shoe offers all-day comfort and excellent durability.
45856;Women;Apparel;Topwear;Kurtas;Brown;Summer;2012;Ethnic;Vishudh Women Brown Kurta;$99;This is a women's tunic with a brown base color and attractive yellow geometric patterns. Made from lightweight and comfortable cotton, this tunic is suitable for daily wear as well as casual events. With a simple yet stylish design, it pairs well with various types of bottoms, offering both comfort and a fashionable look throughout the day.
43164;Men;Accessories;Watches;Watches;Black;Winter;2016;Casual;Fastrack Men Black Watch;$75;This watch is a men's analog watch featuring contrasting black and red colors, giving it a sporty and modern look. The strap is made of durable synthetic leather, providing both strength and comfort. With a long-lasting design and easy-to-read face, this watch is ideal for daily wear as well as outdoor activities. Its advantages lie in its casual yet stylish design, making it easy to pair with a variety of outfits.
59435;Men;Footwear;Shoes;Formal Shoes;Black;Summer;2012;Formal;Arrow Men Black Formal Shoes;$65;This is a pair of men's black formal shoes from the brand Arrow. Made from high-quality leather, these shoes provide an elegant and professional look, ideal for formal events or office wear. Featuring a classic design and comfortable sole, these shoes offer durability and all-day comfort. Their advantages lie in their luxurious appearance and ease of maintenance.
5891;Men;Apparel;Topwear;Tshirts;Black;Summer;2011;Casual;Puma Men's Stripe Polo Black T-shirt;$35;This is a men's black t-shirt with a simple and modern design. Made from high-quality cotton that is soft and comfortable to wear, this t-shirt is ideal for daily use or casual activities. With a neutral color that pairs easily, it offers a stylish look suitable for various styles. Its advantages include maximum comfort and easy maintenance.
38630;Women;Apparel;Topwear;Tshirts;Purple;Summer;2012;Casual;Nike Women Purple Polo T-shirt;$20;This is a women's purple top with an elegant and feminine design. Made from high-quality cotton or satin that feels soft and comfortable on the skin, this top is suitable for casual and semi-formal occasions. With its graceful purple color, it pairs well with various bottoms. Its advantages include comfortable wear and a look that radiates style and confidence.
4943;Men;Apparel;Topwear;Shirts;White;Summer;2011;Casual;Gini and Jony Boy's Kaleb White Brown Kidswear;$15;Adorable boys' outfit featuring a short-sleeve plaid shirt in shades of blue, brown, and white, paired with brown cargo shorts. The shirt includes two chest pockets with button closures, adding a classic touch, while the shorts offer multiple pockets for practicality. Perfect for casual outings and playtime, combining style and comfort for active kids
11188;Men;Accessories;Watches;Watches;Silver;Winter;2016;Casual;Carrera Men Dial steel finish strap Silver Watches;$39;Sleek men's chronograph watch featuring a bold black dial with red accents and multiple sub-dials for precise timekeeping. Encased in a durable stainless steel frame with a textured black strap, this watch combines functionality with a sophisticated design. Perfect for those who appreciate a modern, sporty style with a touch of elegance.
10866;Men;Apparel;Topwear;Tshirts;Red;Fall;2011;Casual;Wrangler Men Motor Rider Red T-Shirts;$70;"Bold red t-shirt featuring a striking graphic of a dirt bike rider with the text ""Tough Service Dirt Riders."" Made from comfortable, soft fabric, this t-shirt is perfect for motorcycle enthusiasts or those who enjoy a rugged, adventurous style. Ideal for casual wear, it adds a dynamic and energetic vibe to any outfit."
59607;Women;Apparel;Saree;Sarees;Grey;Fall;2012;Ethnic;FNF Pink & Grey Wedding Collection Sari;$85;Elegant maroon and gray saree adorned with intricate floral embroidery and a beautifully embellished border. Crafted from lightweight, sheer fabric, this saree drapes gracefully, perfect for festive occasions and celebrations. Its rich color combination and detailed design add a touch of sophistication and traditional charm
15528;Men;Apparel;Topwear;Tshirts;Black;Fall;2011;Casual;Puma Men Scribble Black Tshirts;$65;Men's black Puma t-shirt featuring a bold, green Puma logo on the chest with a subtle striped design. Made from soft, breathable fabric for all-day comfort, this t-shirt is perfect for casual wear or light workouts, combining sporty style with everyday versatility.
45258;Men;Accessories;Watches;Watches;Black;Winter;2016;Casual;CASIO EDIFICE Men Black Dial Chronograph Watch ED60;$55;Casio Edifice men's watch with a sleek black dial, silver stainless steel case, and durable black rubber strap. This watch features multiple sub-dials displaying day, date, and 24-hour time, combining style with functionality. Water-resistant up to 100 meters, it’s perfect for both everyday wear and outdoor adventures, offering a modern, sporty look.
42841;Women;Accessories;Bags;Handbags;Beige;Summer;2012;Casual;French Connection Women Beige Handbag;$99;Elegant beige handbag with a spacious design and multiple pockets, including a front zip pocket and flap pocket for added functionality. Made from high-quality material, this bag combines style with practicality, ideal for work or casual outings. Its neutral tone makes it versatile and easy to pair with any outfit, providing a chic and sophisticated look
22198;Men;Footwear;Shoes;Casual Shoes;Black;Fall;2012;Casual;Timberland Men Black Casual Shoes;$75;Rugged black leather boots with a lace-up design and sturdy treaded sole for added grip. Built for durability and comfort, these boots are ideal for outdoor activities or adding a tough, stylish edge to everyday wear. Perfect for those seeking both functionality and a bold, masculine look.
29570;Men;Footwear;Shoes;Casual Shoes;Purple;Summer;2012;Casual;Vans Men Classic Slip-On Purple & Black Shoes;$65;Classic slip-on sneakers featuring a bold purple and black checkered pattern with black accents and a white rubber sole. Designed for easy wear and all-day comfort, these shoes add a playful and edgy style to any casual outfit. Perfect for those who want a statement piece with a comfortable, laid-back vibe
43993;Women;Personal Care;Fragrance;Perfume and Body Mist;Pink;Spring;2017;Casual;Police Women Passion Perfume;$35;Police Passion perfume in a sleek pink-gradient bottle with a silver cap, exuding a bold and feminine allure. This fragrance combines floral and fruity notes, creating a captivating and long-lasting scent, perfect for confident women seeking a touch of elegance and passion in their everyday style.
6628;Men;Footwear;Shoes;Sports Shoes;White;Summer;2011;Sports;ADIDAS Men's Lowell White Silver Shoe;$20;Sporty silver running shoes with red accents and iconic black stripes, designed for performance and style. Featuring a cushioned sole for added comfort and support, these shoes are perfect for running, workouts, or everyday wear, combining durability with a sleek, modern look. Ideal for those seeking both functionality and a bold design.
54924;Men;Apparel;Bottomwear;Shorts;Blue;Summer;2012;Casual;Do U Speak Green Men Blue Shorts;$15;Men's swim shorts with a vibrant blue and yellow abstract print, crafted from quick-drying fabric for comfort in and out of the water. Featuring a secure waistband and a button detail, these shorts are perfect for beach outings and pool days, combining style with functionality
26538;Men;Footwear;Shoes;Casual Shoes;Red;Fall;2012;Casual;ID Men Red Shoes;$39;Stylish maroon sneakers with a unique striped sole and contrasting yellow interior lining. Made from high-quality material for durability and comfort, these shoes feature white laces and embossed side detailing, perfect for adding a pop of color and personality to casual outfits. Ideal for everyday wear with a touch of modern flair.
35913;Women;Accessories;Bags;Handbags;Black;Summer;2012;Casual;Peperone Women Black & White Handbag;$70;Chic handbag with a bold black and white checkered pattern, complemented by glossy black handles and accents. This stylish bag features a secure clasp and a spacious interior, making it both fashionable and functional. Perfect for adding a statement to any outfit, ideal for casual or semi-formal occasions.
49495;Men;Footwear;Shoes;Casual Shoes;Khaki;Summer;2012;Casual;Vans Men Khaki Shoes;$85;Casual high-top sneakers in a versatile olive green color, featuring a durable canvas upper with black laces and a white rubber sole. These sneakers offer both comfort and style, making them ideal for everyday wear or casual outings. Their minimalist design ensures easy pairing with various outfits for a laid-back, trendy look.
9660;Men;Apparel;Topwear;Shirts;Pink;Fall;2011;Casual;Indigo Nation Men Reversible Bling Pink Shirts;$65;men's formal shirts with a stylish vertical stripe pattern, available in shades of brown and maroon. Crafted from smooth, comfortable fabric with a classic collar and button-down design, these shirts are perfect for both professional settings and evening outings, adding a touch of elegance to any wardrobe.
2288;Women;Apparel;Topwear;Tshirts;Black;Fall;2010;Sports;Nike Women Black T-shirt;$55;"Black athletic t-shirt featuring a sleek gradient stripe design across the front, with ""RUN"" branding on the chest. Made from lightweight, moisture-wicking fabric to keep you dry and comfortable, this shirt is ideal for running and high-performance activities. A perfect blend of style and functionality for activewear enthusiasts"
23876;Men;Apparel;Topwear;Sweatshirts;Blue;Fall;2011;Casual;ADIDAS Men Blue Sweatshirt;$99;Bright blue hooded jacket with contrasting yellow stripes across the shoulders. Made from soft, comfortable fabric, it features a full zipper and pockets for convenience. Perfect for casual wear or workouts, this hoodie combines style and functionality, ideal for adding a pop of color to your active wardrobe
18237;Men;Apparel;Topwear;Tshirts;Red;Fall;2011;Casual;Manchester United Men Solid Red Tshirt;$75;Red sleeveless sports tank with black side panels and a Manchester United emblem on the chest. Made from breathable fabric, this tank top is ideal for workouts and casual wear, offering a comfortable and stylish option for fans and fitness enthusiasts alike.
54118;Women;Footwear;Shoes;Heels;Black;Winter;2012;Casual;Rocia Women Black Flats;$65;Elegant thong sandals with a textured beige footbed and sleek black straps. These sandals offer a comfortable fit with a touch of sophistication, making them ideal for both casual and semi-formal occasions. Lightweight and versatile, they're perfect for adding a subtle yet stylish accent to any outfit.
2872;Women;Footwear;Shoes;Heels;Brown;Winter;2015;Casual;Catwalk Women Leather Flats;$35;Colorful thong sandals featuring a multicolored strap design in white, green, pink, and blue, paired with a dark wooden-textured footbed. These sandals combine vibrant style with casual comfort, making them perfect for summer outings and relaxed gatherings. Their unique look adds a playful touch to any warm-weather ensemble.
49653;Women;Apparel;Topwear;Tops;Green;Summer;2012;Casual;Mineral Women Green Top;$20;Flowy green sleeveless top with delicate ruffle details on the shoulders and subtle embroidery along the neckline. Made from soft, lightweight fabric, this top offers comfort and a relaxed fit, perfect for casual outings or warm days. Its airy design adds a touch of femininity and effortless style to any look.
8574;Women;Footwear;Sandal;Sandals;Pink;Fall;2011;Casual;Crocs Dora Boots Pink Sandals;$15;Cute pink children's clogs featuring a fun cartoon design with vibrant green accents and characters. Made from lightweight, durable material with ventilation holes for breathability, these clogs are perfect for active kids. The adjustable back strap ensures a secure fit, making them ideal for playtime or casual wear.
16957;Men;Accessories;Eyewear;Sunglasses;Black;Winter;2016;Casual;Image Men Sunglasses;$39;Sleek aviator sunglasses with a silver metal frame and gradient gray lenses. Designed for both style and protection, these sunglasses offer a timeless look with UV protection, making them perfect for sunny days. The lightweight build and adjustable nose pads ensure a comfortable fit for all-day wear.
19123;Men;Footwear;Flip Flops;Flip Flops;Silver;Fall;2011;Casual;Lotto Men XL Water Man Silver Slippers;$70;Comfortable gray and blue thong sandals with a contoured footbed for optimal support. The lightweight design and cushioned sole make these sandals ideal for casual wear or beach outings, providing both style and comfort for everyday activities
13419;Men;Apparel;Topwear;Tshirts;Pink;Summer;2011;Casual;United Colors of Benetton Men Solid Pink Polo T-shirts;$85;Men's coral polo shirt with white horizontal stripes, crafted from soft, breathable cotton for all-day comfort. Featuring a classic collar and buttoned neckline, this shirt combines a casual style with a touch of sophistication, perfect for outings or relaxed gatherings
21948;Women;Accessories;Bags;Handbags;Brown;Winter;2015;Casual;Murcia Women Casual Brown Handbag;$65;Classic brown leather handbag with a spacious design and sturdy handles, perfect for everyday use. Featuring multiple zippered compartments for organized storage, this bag combines functionality with timeless style. Ideal for those who seek a sophisticated accessory to complement both casual and professional outfits.
43369;Men;Footwear;Flip Flops;Flip Flops;Black;Summer;2013;Casual;Reebok Men Black Possession Flip Flops;$55;Reebok flip-flops in vibrant yellow and black, featuring a comfortable foam sole and durable strap for a secure fit. Designed with bold graphics on the footbed, these flip-flops are perfect for casual outings and beach days, offering a sporty and stylish look.
48781;Women;Accessories;Jewellery;Pendant;Silver;Summer;2012;Casual;Lucera Women Silver Pendant;$99;Elegant silver earring adorned with sparkling pink heart-shaped gemstones and a cascade of clear crystals. The curved design adds a graceful, feminine touch, perfect for special occasions or adding a hint of sophistication to everyday outfits. A stunning accessory that combines charm and elegance.
44970;Men;Accessories;Watches;Watches;White;Winter;2016;Casual;Maxima Men White Dial Analog Chronograph Watch;$75;Men's analog wristwatch with a sturdy stainless steel case and a wide brown leather strap for a rugged yet stylish look. The white dial features day, date, and 24-hour sub-dials, adding functionality to its classic design. Ideal for everyday wear, blending sophistication with a touch of masculinity.
56489;Women;Personal Care;Nails;Nail Polish;Bronze;Spring;2017;NA;Streetwear Ash Nail Polish # 31;$65;Street Wear quick-dry nail polish in a chic, neutral shade, designed to dry in just 60 seconds. Perfect for an on-the-go lifestyle, offering a smooth application and long-lasting finish. Ideal for adding a touch of elegance to your look with minimal wait time.
39524;Unisex;Accessories;Bags;Laptop Bag;Orange;Summer;2012;Casual;Peter England Unisex Orange Sleeve Bag;$35;Stylish laptop bag in vibrant orange with black accents, made from durable fabric for everyday protection. Features a spacious main compartment for laptops, an exterior zippered pocket for quick access, and an adjustable shoulder strap for comfortable carrying. Ideal for professionals and students looking to add a pop of color to their work or study essentials.
33822;Men;Footwear;Shoes;Sports Shoes;White;Summer;2012;Sports;Puma Men Axis White & Grey Sports Shoes;$20;Sporty running shoes in white, gray, and red, featuring a breathable mesh upper for ventilation and synthetic overlays for added support. Designed with a cushioned insole and durable rubber outsole, these shoes provide excellent grip and comfort for high-performance activities. Perfect for running, training, or casual wear, combining style and functionality.
58513;Women;Apparel;Topwear;Tops;Off White;Summer;2012;Casual;Tonga Women Maroon Top;$15;Women's V-neck top with a soft pink base and bold red leaf print, crafted from lightweight fabric for breathability. The gathered side details and short, tasseled sleeves add a unique, stylish touch, making it perfect for casual outings or summer wear. This top blends comfort with a chic, feminine design.
25947;Women;Accessories;Scarves;Scarves;Brown;Summer;2012;Casual;Femella Women Brown Scarf;$39;Rustic, earthy-toned scarf with subtle blue and brown hues, crafted from a soft, woven fabric for warmth and style. Featuring fringed edges, this scarf adds a touch of natural elegance and texture to any outfit. Ideal for cooler weather, it combines comfort with a vintage-inspired look, perfect for both casual and semi-formal occasions.
52029;Unisex;Apparel;Topwear;Rain Jacket;Coffee Brown;Summer;2012;NA;Just Natural Unisex Charcoal Rain Jacket;$70;Men's hooded windbreaker jacket in dark green with bold red accents along the chest and sleeves. Made from durable, water-resistant material, this jacket is designed to withstand wind and light rain, making it ideal for outdoor activities. The adjustable hood and secure front zipper offer added protection and warmth, ensuring comfort in various weather conditions. Perfect for hiking, camping, or everyday casual wear with a sporty touch.
5865;Men;Apparel;Topwear;Tshirts;Black;Summer;2011;Casual;ADIDAS Men's Twelve Faster T-shirt;$85;Men's black graphic t-shirt featuring a bold, multi-panel design in shades of red and gray. Made from soft, breathable cotton, this shirt combines comfort with a stylish, sporty look. Perfect for casual outings or adding a touch of personality to everyday wear.
39716;Women;Apparel;Dress;Dresses;Blue;Summer;2012;Casual;Arrow Woman Women Blue Dress;$65;Elegant long-sleeve wrap dress in royal blue, made from soft, lightweight fabric. Features a flattering V-neckline and a slim black belt to accentuate the waist, creating a sophisticated silhouette. Perfect for both casual and semi-formal occasions, adding a touch of chic style to any wardrobe.
21180;Men;Footwear;Flip Flops;Flip Flops;Black;Summer;2011;Casual;ADIDAS Men Adi Cells Black Flip Flops;$55;Casual flip-flops with a black footbed featuring a blue hexagonal pattern and matching blue straps. Lightweight and comfortable, these flip-flops are perfect for beach days or casual outings, offering a relaxed style with a touch of modern design
11940;Men;Footwear;Sandal;Sandals;Black;Summer;2011;Casual;Ganuchi Men Casual Black Sandals;$99;Black leather thong sandals, crafted for a minimalist and sleek look. Made with durable material and cushioned footbed for all-day comfort, perfect for casual wear and versatile styling. Ideal for warm-weather outings with a touch of elegance
55802;Women;Apparel;Loungewear and Nightwear;Night suits;White;Summer;2017;Casual;SDL by Sweet Dreams Women Green Printed Night Suit S11-3124;$75;White sleeveless top made of lightweight, breathable fabric, featuring a vibrant green and red butterfly print on the chest. Perfect for casual wear in warm weather, offering a comfortable and fresh look with a touch of playful style.
29584;Men;Apparel;Topwear;Tshirts;Black;Summer;2012;Casual;Indigo Nation Men Printed Black T-shirt;$65;Men's black cotton t-shirt, comfortable and sweat-absorbent. Designed with a vintage newspaper print motif, perfect for a casual yet stylish and distinctive look.